TARGET,PACKET,STF1_SCID,STF1_FIFO,CCSDS_PKT_VER,CCSDS_PKT_TYP,CCSDS_SEC_FLG,CCSDS_APID,CCSDS_SEQ_FLAGS,CCSDS_SEQ_COUNT,CCSDS_LENGTH,CCSDS_SECONDS,CCSDS_SUBSECS,GEIGER_HEADER_EXP_STATUS,GEIGER_HEADER_EXP_NUMBER,GEIGER_HEADER_SYNC_CFE_ELAPSED_SECONDS,GEIGER_HEADER_SYNC_CFE_ELAPSED_SUBSECONDS,GEIGER_HEADER_SYNC_FIRMWARE_TIME,GEIGER_HEADER_COMMAND_TIME,GEIGER_HEADER_PAYLOAD_SIZE,GEIGER_DATA_START_TM,GEIGER_DATA_STOP_TM,GEIGER_DATA_0_COUNTS,GEIGER_DATA_0_OVERFLO,GEIGER_DATA_1_COUNTS,GEIGER_DATA_1_OVERFLO,Unnamed: 26,CCSDS_SECONDS_SUBSECS
STF1_TLM,SPW_GEIGER_TLM_T,53.0,16.0,0.0,0.0,1.0,65.0,3.0,1.0,43.0,2334402.0,29718.0,0.0,1.0,2334386.0,3244339200.0,985.0,16584.0,18.0,1270.0,16585.0,1452.0,0.0,748.0,0.0,,2334402.0-29718.0
STF1_TLM,SPW_GEIGER_TLM_T,53.0,16.0,0.0,0.0,1.0,65.0,3.0,4.0,43.0,2334500.0,56501.0,0.0,1.0,2334485.0,2336116736.0,49765.0,64974.0,18.0,49879.0,64983.0,1510.0,0.0,789.0,0.0,,2334500.0-56501.0
STF1_TLM,SPW_GEIGER_TLM_T,53.0,16.0,0.0,0.0,1.0,65.0,3.0,5.0,43.0,2334524.0,40560.0,0.0,1.0,2334509.0,1210171392.0,73504.0,88720.0,18.0,73617.0,88721.0,1346.0,0.0,719.0,0.0,,2334524.0-40560.0
STF1_TLM,SPW_GEIGER_TLM_T,53.0,16.0,0.0,0.0,1.0,65.0,3.0,7.0,43.0,2334572.0,53890.0,0.0,1.0,2334557.0,2169290752.0,121730.0,136939.0,18.0,121845.0,136939.0,1306.0,0.0,685.0,0.0,,2334572.0-53890.0
STF1_TLM,SPW_GEIGER_TLM_T,53.0,16.0,0.0,0.0,1.0,65.0,3.0,10.0,43.0,2334644.0,57005.0,0.0,1.0,2334629.0,2336600064.0,193775.0,208988.0,18.0,193887.0,208992.0,1304.0,0.0,669.0,0.0,,2334644.0-57005.0
STF1_TLM,SPW_GEIGER_TLM_T,53.0,16.0,0.0,0.0,1.0,65.0,3.0,13.0,43.0,2334716.0,37019.0,0.0,1.0,2334700.0,3654889472.0,265092.0,280695.0,18.0,265399.0,280704.0,1289.0,0.0,665.0,0.0,,2334716.0-37019.0
STF1_TLM,SPW_GEIGER_TLM_T,53.0,16.0,0.0,0.0,1.0,65.0,3.0,14.0,43.0,2334740.0,54336.0,0.0,1.0,2334725.0,2190286848.0,289752.0,304961.0,18.0,289863.0,304967.0,1246.0,0.0,642.0,0.0,,2334740.0-54336.0
STF1_TLM,SPW_GEIGER_TLM_T,53.0,16.0,0.0,0.0,1.0,65.0,3.0,15.0,43.0,2334764.0,44594.0,0.0,1.0,2334749.0,1449250816.0,313584.0,328819.0,18.0,313717.0,328821.0,1214.0,0.0,636.0,0.0,,2334764.0-44594.0
STF1_TLM,SPW_GEIGER_TLM_T,53.0,16.0,0.0,0.0,1.0,65.0,3.0,16.0,43.0,2334788.0,52396.0,0.0,1.0,2334773.0,835063808.0,337444.0,352942.0,18.0,337551.0,352946.0,1390.0,0.0,717.0,0.0,,2334788.0-52396.0
STF1_TLM,SPW_GEIGER_TLM_T,53.0,16.0,0.0,0.0,1.0,65.0,3.0,17.0,43.0,2334812.0,34398.0,0.0,1.0,2334797.0,881029120.0,361456.0,376667.0,18.0,361565.0,376669.0,1236.0,0.0,638.0,0.0,,2334812.0-34398.0
STF1_TLM,SPW_GEIGER_TLM_T,53.0,16.0,0.0,0.0,1.0,65.0,3.0,19.0,43.0,2334860.0,24871.0,0.0,1.0,2334844.0,3291578368.0,409030.0,424531.0,18.0,409143.0,424538.0,1379.0,0.0,725.0,0.0,,2334860.0-24871.0
STF1_TLM,SPW_GEIGER_TLM_T,53.0,16.0,0.0,0.0,1.0,65.0,3.0,20.0,43.0,2334884.0,30483.0,0.0,1.0,2334868.0,3798118400.0,433149.0,448373.0,18.0,433257.0,448381.0,1336.0,0.0,738.0,0.0,,2334884.0-30483.0
STF1_TLM,SPW_GEIGER_TLM_T,53.0,16.0,0.0,0.0,1.0,65.0,3.0,21.0,43.0,2334908.0,28331.0,0.0,1.0,2334893.0,489250816.0,457379.0,472589.0,18.0,457491.0,472596.0,1352.0,0.0,701.0,0.0,,2334908.0-28331.0
STF1_TLM,SPW_GEIGER_TLM_T,53.0,16.0,0.0,0.0,1.0,65.0,3.0,22.0,43.0,2334932.0,28053.0,0.0,1.0,2334916.0,3629584384.0,481111.0,496583.0,18.0,481225.0,496589.0,1391.0,0.0,719.0,0.0,,2334932.0-28053.0
STF1_TLM,SPW_GEIGER_TLM_T,53.0,16.0,0.0,0.0,1.0,65.0,3.0,23.0,43.0,2334956.0,9807.0,0.0,1.0,2334940.0,3568766976.0,505097.0,520306.0,18.0,505209.0,520313.0,1231.0,0.0,645.0,0.0,,2334956.0-9807.0
STF1_TLM,SPW_GEIGER_TLM_T,53.0,16.0,0.0,0.0,1.0,65.0,3.0,24.0,43.0,2334980.0,12992.0,0.0,1.0,2334964.0,3708649472.0,529135.0,544353.0,18.0,529243.0,544357.0,1356.0,0.0,738.0,0.0,,2334980.0-12992.0
STF1_TLM,SPW_GEIGER_TLM_T,53.0,16.0,0.0,0.0,1.0,65.0,3.0,27.0,43.0,2335052.0,20347.0,0.0,1.0,2335036.0,4197687296.0,601257.0,616479.0,18.0,601365.0,616479.0,1266.0,0.0,675.0,0.0,,2335052.0-20347.0
STF1_TLM,SPW_GEIGER_TLM_T,53.0,16.0,0.0,0.0,1.0,65.0,3.0,30.0,43.0,2335124.0,58845.0,0.0,1.0,2335109.0,2457243648.0,673855.0,689063.0,18.0,673968.0,689073.0,1321.0,0.0,718.0,0.0,,2335124.0-58845.0
STF1_TLM,SPW_GEIGER_TLM_T,53.0,16.0,0.0,0.0,1.0,65.0,3.0,32.0,43.0,2335172.0,39954.0,0.0,1.0,2335157.0,1254617088.0,721576.0,736788.0,18.0,721686.0,736790.0,1279.0,0.0,654.0,0.0,,2335172.0-39954.0
STF1_TLM,SPW_GEIGER_TLM_T,53.0,16.0,0.0,0.0,1.0,65.0,3.0,33.0,43.0,2335196.0,22933.0,0.0,1.0,2335181.0,137674752.0,745321.0,760531.0,18.0,745430.0,760534.0,1178.0,0.0,603.0,0.0,,2335196.0-22933.0
STF1_TLM,SPW_GEIGER_TLM_T,53.0,16.0,0.0,0.0,1.0,65.0,3.0,34.0,43.0,2335220.0,64244.0,0.0,1.0,2335205.0,2850877440.0,769953.0,785164.0,18.0,770064.0,785168.0,1343.0,0.0,708.0,0.0,,2335220.0-64244.0
STF1_TLM,SPW_GEIGER_TLM_T,53.0,16.0,0.0,0.0,1.0,65.0,3.0,36.0,43.0,2335268.0,30769.0,0.0,1.0,2335253.0,648634368.0,817443.0,832654.0,18.0,817552.0,832656.0,1354.0,0.0,690.0,0.0,,2335268.0-30769.0
STF1_TLM,SPW_GEIGER_TLM_T,53.0,16.0,0.0,0.0,1.0,65.0,3.0,40.0,43.0,2335364.0,11206.0,0.0,1.0,2335348.0,3638538240.0,913148.0,928358.0,18.0,913257.0,928361.0,1994.0,0.0,1068.0,0.0,,2335364.0-11206.0
STF1_TLM,SPW_GEIGER_TLM_T,53.0,16.0,0.0,0.0,1.0,65.0,3.0,41.0,43.0,2335388.0,22223.0,0.0,1.0,2335372.0,2513412096.0,936885.0,952531.0,18.0,937221.0,952536.0,1474.0,0.0,763.0,0.0,,2335388.0-22223.0
STF1_TLM,SPW_GEIGER_TLM_T,53.0,16.0,0.0,0.0,1.0,65.0,3.0,42.0,43.0,2335412.0,10636.0,0.0,1.0,2335396.0,3625779200.0,961150.0,976357.0,18.0,961255.0,976360.0,1497.0,0.0,759.0,0.0,,2335412.0-10636.0
STF1_TLM,SPW_GEIGER_TLM_T,53.0,16.0,0.0,0.0,1.0,65.0,3.0,43.0,43.0,2335435.0,58472.0,0.0,1.0,2335420.0,2461921280.0,984877.0,1000089.0,18.0,984989.0,1000093.0,1303.0,0.0,944.0,0.0,,2335435.0-58472.0
STF1_TLM,SPW_GEIGER_TLM_T,53.0,16.0,0.0,0.0,1.0,65.0,3.0,44.0,43.0,2335460.0,16926.0,0.0,1.0,2335444.0,1599709184.0,1008680.0,1024462.0,18.0,1009093.0,1024467.0,1222.0,0.0,619.0,0.0,,2335460.0-16926.0
STF1_TLM,SPW_GEIGER_TLM_T,53.0,16.0,0.0,0.0,1.0,65.0,3.0,47.0,43.0,2335532.0,28265.0,0.0,1.0,2335516.0,1865256960.0,1081034.0,1096647.0,18.0,1081355.0,1096649.0,972.0,0.0,500.0,0.0,,2335532.0-28265.0
STF1_TLM,SPW_GEIGER_TLM_T,53.0,16.0,0.0,0.0,1.0,65.0,3.0,49.0,43.0,2335580.0,31985.0,0.0,1.0,2335565.0,654831616.0,1129488.0,1144710.0,18.0,1129604.0,1144718.0,677.0,0.0,344.0,0.0,,2335580.0-31985.0
STF1_TLM,SPW_GEIGER_TLM_T,53.0,16.0,0.0,0.0,1.0,65.0,3.0,53.0,43.0,2335677.0,17714.0,0.0,1.0,2335661.0,2036867072.0,1225815.0,1241499.0,18.0,1226189.0,1241504.0,497.0,0.0,248.0,0.0,,2335677.0-17714.0
STF1_TLM,SPW_GEIGER_TLM_T,53.0,16.0,0.0,0.0,1.0,65.0,3.0,54.0,43.0,2335701.0,9771.0,0.0,1.0,2335685.0,3454201856.0,1250145.0,1265378.0,18.0,1250253.0,1265378.0,367.0,0.0,181.0,0.0,,2335701.0-9771.0
STF1_TLM,SPW_GEIGER_TLM_T,53.0,16.0,0.0,0.0,1.0,65.0,3.0,56.0,43.0,2335749.0,6426.0,0.0,1.0,2335733.0,1247637504.0,1297631.0,1313329.0,18.0,1298012.0,1313337.0,333.0,0.0,166.0,0.0,,2335749.0-6426.0
STF1_TLM,SPW_GEIGER_TLM_T,53.0,16.0,0.0,0.0,1.0,65.0,3.0,59.0,43.0,2335821.0,10570.0,0.0,1.0,2335805.0,3626684416.0,1370196.0,1385405.0,18.0,1370304.0,1385409.0,217.0,0.0,106.0,0.0,,2335821.0-10570.0
STF1_TLM,SPW_GEIGER_TLM_T,53.0,16.0,0.0,0.0,1.0,65.0,3.0,62.0,43.0,2335893.0,14385.0,0.0,1.0,2335877.0,1837203456.0,1441783.0,1457465.0,18.0,1442166.0,1457471.0,175.0,0.0,90.0,0.0,,2335893.0-14385.0
STF1_TLM,SPW_GEIGER_TLM_T,53.0,16.0,0.0,0.0,1.0,65.0,3.0,64.0,43.0,2335941.0,30674.0,0.0,1.0,2335925.0,4183343104.0,1490330.0,1505714.0,18.0,1490616.0,1505720.0,148.0,0.0,79.0,0.0,,2335941.0-30674.0
STF1_TLM,SPW_GEIGER_TLM_T,53.0,16.0,0.0,0.0,1.0,65.0,3.0,65.0,43.0,2337832.0,7846.0,0.0,1.0,2337816.0,3400290304.0,986.0,16204.0,18.0,1100.0,16215.0,1381.0,0.0,942.0,0.0,,2337832.0-7846.0
STF1_TLM,SPW_GEIGER_TLM_T,53.0,16.0,0.0,0.0,1.0,65.0,3.0,67.0,43.0,2337906.0,3870.0,0.0,1.0,2337890.0,3123109888.0,25016.0,40237.0,18.0,25128.0,40244.0,1396.0,0.0,719.0,0.0,,2337906.0-3870.0
STF1_TLM,SPW_GEIGER_TLM_T,53.0,16.0,0.0,0.0,1.0,65.0,3.0,70.0,43.0,2337977.0,39263.0,0.0,1.0,2337962.0,1190838272.0,96569.0,111781.0,18.0,96680.0,111785.0,1256.0,0.0,644.0,0.0,,2337977.0-39263.0
STF1_TLM,SPW_GEIGER_TLM_T,53.0,16.0,0.0,0.0,1.0,65.0,3.0,73.0,43.0,2338048.0,56218.0,0.0,1.0,2338033.0,2126897152.0,167788.0,183042.0,18.0,167912.0,183047.0,3473.0,0.0,2428.0,0.0,,2338048.0-56218.0
STF1_TLM,SPW_GEIGER_TLM_T,53.0,16.0,0.0,0.0,1.0,65.0,3.0,74.0,43.0,2338072.0,57035.0,0.0,1.0,2338057.0,1202962432.0,191579.0,207060.0,18.0,191686.0,207071.0,4856.0,0.0,4153.0,0.0,,2338072.0-57035.0
STF1_TLM,SPW_GEIGER_TLM_T,53.0,16.0,0.0,0.0,1.0,65.0,3.0,77.0,43.0,2338144.0,58370.0,0.0,1.0,2338129.0,824819712.0,263494.0,278834.0,18.0,263608.0,278843.0,2363.0,0.0,1417.0,0.0,,2338144.0-58370.0
STF1_TLM,SPW_GEIGER_TLM_T,53.0,16.0,0.0,0.0,1.0,65.0,3.0,80.0,43.0,2338216.0,58878.0,0.0,1.0,2338201.0,2417537024.0,335880.0,351106.0,18.0,335990.0,351115.0,1059.0,0.0,542.0,0.0,,2338216.0-58878.0
STF1_TLM,SPW_GEIGER_TLM_T,53.0,16.0,0.0,0.0,1.0,65.0,3.0,81.0,43.0,2338241.0,23686.0,0.0,1.0,2338225.0,2900275200.0,359998.0,375571.0,18.0,360264.0,375579.0,984.0,0.0,477.0,0.0,,2338241.0-23686.0
STF1_TLM,SPW_GEIGER_TLM_T,53.0,16.0,0.0,0.0,1.0,65.0,3.0,82.0,43.0,2338265.0,6802.0,0.0,1.0,2338249.0,3359096832.0,384103.0,399311.0,18.0,384219.0,399313.0,865.0,0.0,435.0,0.0,,2338265.0-6802.0
STF1_TLM,SPW_GEIGER_TLM_T,53.0,16.0,0.0,0.0,1.0,65.0,3.0,83.0,43.0,2338288.0,56233.0,0.0,1.0,2338273.0,2264825856.0,407849.0,423069.0,18.0,407972.0,423077.0,785.0,0.0,401.0,0.0,,2338288.0-56233.0
STF1_TLM,SPW_GEIGER_TLM_T,53.0,16.0,0.0,0.0,1.0,65.0,3.0,86.0,43.0,2338360.0,49247.0,0.0,1.0,2338345.0,1855926272.0,479767.0,494978.0,18.0,479875.0,494979.0,510.0,0.0,252.0,0.0,,2338360.0-49247.0
STF1_TLM,SPW_GEIGER_TLM_T,53.0,16.0,0.0,0.0,1.0,65.0,3.0,89.0,43.0,2338432.0,55370.0,0.0,1.0,2338417.0,2251718656.0,551875.0,567081.0,18.0,551987.0,567081.0,324.0,0.0,180.0,0.0,,2338432.0-55370.0
STF1_TLM,SPW_GEIGER_TLM_T,53.0,16.0,0.0,0.0,1.0,65.0,3.0,93.0,43.0,2338529.0,6638.0,0.0,1.0,2338513.0,1496715264.0,647707.0,663354.0,18.0,648024.0,663358.0,288.0,0.0,136.0,0.0,,2338529.0-6638.0
STF1_TLM,SPW_GEIGER_TLM_T,53.0,16.0,0.0,0.0,1.0,65.0,3.0,95.0,43.0,2338576.0,38171.0,0.0,1.0,2338561.0,1130250240.0,695628.0,710840.0,18.0,695741.0,710846.0,265.0,0.0,126.0,0.0,,2338576.0-38171.0
STF1_TLM,SPW_GEIGER_TLM_T,53.0,16.0,0.0,0.0,1.0,65.0,3.0,98.0,43.0,2338648.0,55673.0,0.0,1.0,2338633.0,2212765696.0,767883.0,783111.0,18.0,768004.0,783119.0,228.0,0.0,116.0,0.0,,2338648.0-55673.0
STF1_TLM,SPW_GEIGER_TLM_T,53.0,16.0,0.0,0.0,1.0,65.0,3.0,102.0,43.0,2338744.0,5994.0,0.0,1.0,2338728.0,2453667840.0,862944.0,878351.0,18.0,863049.0,878354.0,137.0,0.0,76.0,0.0,,2338744.0-5994.0
STF1_TLM,SPW_GEIGER_TLM_T,53.0,16.0,0.0,0.0,1.0,65.0,3.0,104.0,43.0,2338791.0,60886.0,0.0,1.0,2338776.0,2614620160.0,910989.0,926198.0,18.0,911097.0,926202.0,155.0,0.0,82.0,0.0,,2338791.0-60886.0
STF1_TLM,SPW_GEIGER_TLM_T,53.0,16.0,0.0,0.0,1.0,65.0,3.0,105.0,43.0,2338816.0,1189.0,0.0,1.0,2338800.0,1877577728.0,934818.0,950295.0,18.0,934932.0,950296.0,148.0,0.0,71.0,0.0,,2338816.0-1189.0
STF1_TLM,SPW_GEIGER_TLM_T,53.0,16.0,0.0,0.0,1.0,65.0,3.0,106.0,43.0,2338840.0,22810.0,0.0,1.0,2338824.0,2274840576.0,958916.0,974625.0,18.0,959266.0,974631.0,163.0,0.0,81.0,0.0,,2338840.0-22810.0
STF1_TLM,SPW_GEIGER_TLM_T,53.0,16.0,0.0,0.0,1.0,65.0,3.0,108.0,43.0,2338887.0,54270.0,0.0,1.0,2338872.0,2163675136.0,1006892.0,1022105.0,18.0,1007004.0,1022109.0,158.0,0.0,85.0,0.0,,2338887.0-54270.0
STF1_TLM,SPW_GEIGER_TLM_T,53.0,16.0,0.0,0.0,1.0,65.0,3.0,109.0,43.0,2338911.0,56483.0,0.0,1.0,2338896.0,2332450816.0,1030933.0,1046141.0,18.0,1031049.0,1046144.0,177.0,0.0,81.0,0.0,,2338911.0-56483.0
STF1_TLM,SPW_GEIGER_TLM_T,53.0,16.0,0.0,0.0,1.0,65.0,3.0,112.0,43.0,2338983.0,32442.0,0.0,1.0,2338968.0,749572096.0,1102570.0,1117783.0,18.0,1102681.0,1117785.0,357.0,0.0,177.0,0.0,,2338983.0-32442.0
STF1_TLM,SPW_GEIGER_TLM_T,53.0,16.0,0.0,0.0,1.0,65.0,3.0,113.0,43.0,2339007.0,16258.0,0.0,1.0,2338991.0,3963248640.0,1126327.0,1141544.0,18.0,1126445.0,1141549.0,390.0,0.0,195.0,0.0,,2339007.0-16258.0
STF1_TLM,SPW_GEIGER_TLM_T,53.0,16.0,0.0,0.0,1.0,65.0,3.0,114.0,43.0,2339031.0,14737.0,0.0,1.0,2339015.0,3899555840.0,1150319.0,1165526.0,18.0,1150429.0,1165533.0,443.0,0.0,219.0,0.0,,2339031.0-14737.0
STF1_TLM,SPW_GEIGER_TLM_T,53.0,16.0,0.0,0.0,1.0,65.0,3.0,115.0,43.0,2339055.0,12690.0,0.0,1.0,2339039.0,2771107840.0,1174056.0,1189496.0,18.0,1174172.0,1189496.0,410.0,0.0,205.0,0.0,,2339055.0-12690.0
STF1_TLM,SPW_GEIGER_TLM_T,53.0,16.0,0.0,0.0,1.0,65.0,3.0,116.0,43.0,2339078.0,62743.0,0.0,1.0,2339063.0,2716377088.0,1198046.0,1213259.0,18.0,1198156.0,1213260.0,282.0,0.0,140.0,0.0,,2339078.0-62743.0
STF1_TLM,SPW_GEIGER_TLM_T,53.0,16.0,0.0,0.0,1.0,65.0,3.0,117.0,43.0,2339103.0,550.0,0.0,1.0,2339087.0,2006720512.0,1221882.0,1237302.0,18.0,1221990.0,1237305.0,254.0,0.0,125.0,0.0,,2339103.0-550.0
STF1_TLM,SPW_GEIGER_TLM_T,53.0,16.0,0.0,0.0,1.0,65.0,3.0,120.0,43.0,2339174.0,40027.0,0.0,1.0,2339159.0,1199575040.0,1293712.0,1308922.0,18.0,1293822.0,1308928.0,139.0,0.0,66.0,0.0,,2339174.0-40027.0
STF1_TLM,SPW_GEIGER_TLM_T,53.0,16.0,0.0,0.0,1.0,65.0,3.0,123.0,43.0,2339245.0,62215.0,0.0,1.0,2339230.0,2681556992.0,1365068.0,1380281.0,18.0,1365174.0,1380289.0,139.0,0.0,67.0,0.0,,2339245.0-62215.0
STF1_TLM,SPW_GEIGER_TLM_T,53.0,16.0,0.0,0.0,1.0,65.0,3.0,127.0,43.0,2339341.0,49967.0,0.0,1.0,2339326.0,276836352.0,1460516.0,1476103.0,18.0,1460810.0,1476105.0,144.0,0.0,73.0,0.0,,2339341.0-49967.0
STF1_TLM,SPW_GEIGER_TLM_T,53.0,16.0,0.0,0.0,1.0,65.0,3.0,128.0,43.0,2339365.0,36007.0,0.0,1.0,2339350.0,752214016.0,1484624.0,1499889.0,18.0,1484735.0,1499889.0,136.0,0.0,69.0,0.0,,2339365.0-36007.0
STF1_TLM,SPW_GEIGER_TLM_T,53.0,16.0,0.0,0.0,1.0,65.0,3.0,129.0,43.0,2339914.0,54269.0,0.0,1.0,2339846.0,3571675136.0,989.0,16199.0,18.0,1100.0,16204.0,756.0,0.0,380.0,0.0,,2339914.0-54269.0
STF1_TLM,SPW_GEIGER_TLM_T,53.0,16.0,0.0,0.0,1.0,65.0,3.0,130.0,43.0,2340003.0,47765.0,0.0,1.0,2339923.0,1068494848.0,77417.0,92626.0,18.0,77524.0,92628.0,1042.0,0.0,532.0,0.0,,2340003.0-47765.0
STF1_TLM,SPW_GEIGER_TLM_T,53.0,16.0,0.0,0.0,1.0,65.0,3.0,133.0,43.0,2340134.0,37685.0,0.0,1.0,2340119.0,1074176000.0,273452.0,288668.0,18.0,273565.0,288669.0,1692.0,0.0,913.0,0.0,,2340134.0-37685.0
STF1_TLM,SPW_GEIGER_TLM_T,53.0,16.0,0.0,0.0,1.0,65.0,3.0,135.0,43.0,2340182.0,23421.0,0.0,1.0,2340166.0,3611312128.0,321049.0,336452.0,18.0,321163.0,336457.0,1287.0,0.0,672.0,0.0,,2340182.0-23421.0
STF1_TLM,SPW_GEIGER_TLM_T,53.0,16.0,0.0,0.0,1.0,65.0,3.0,136.0,43.0,2340206.0,5240.0,0.0,1.0,2340190.0,3259338752.0,344967.0,360176.0,18.0,345076.0,360181.0,1341.0,0.0,683.0,0.0,,2340206.0-5240.0
STF1_TLM,SPW_GEIGER_TLM_T,53.0,16.0,0.0,0.0,1.0,65.0,3.0,137.0,43.0,2340229.0,59693.0,0.0,1.0,2340214.0,2403913728.0,368769.0,384007.0,18.0,368901.0,384015.0,1387.0,0.0,956.0,0.0,,2340229.0-59693.0
STF1_TLM,SPW_GEIGER_TLM_T,53.0,16.0,0.0,0.0,1.0,65.0,3.0,140.0,43.0,2340301.0,51167.0,0.0,1.0,2340286.0,1975152640.0,440675.0,455885.0,18.0,440782.0,455886.0,1411.0,0.0,743.0,0.0,,2340301.0-51167.0
STF1_TLM,SPW_GEIGER_TLM_T,53.0,16.0,0.0,0.0,1.0,65.0,3.0,143.0,43.0,2340374.0,24260.0,0.0,1.0,2340359.0,201138176.0,513271.0,528484.0,18.0,513385.0,528490.0,1246.0,0.0,675.0,0.0,,2340374.0-24260.0
STF1_TLM,SPW_GEIGER_TLM_T,53.0,16.0,0.0,0.0,1.0,65.0,3.0,145.0,43.0,2340421.0,62743.0,0.0,1.0,2340406.0,2681221120.0,560860.0,576076.0,18.0,560972.0,576077.0,1360.0,0.0,679.0,0.0,,2340421.0-62743.0
STF1_TLM,SPW_GEIGER_TLM_T,53.0,16.0,0.0,0.0,1.0,65.0,3.0,146.0,43.0,2340445.0,45728.0,0.0,1.0,2340430.0,1611481088.0,584607.0,599821.0,18.0,584717.0,599831.0,1415.0,0.0,740.0,0.0,,2340445.0-45728.0
STF1_TLM,SPW_GEIGER_TLM_T,53.0,16.0,0.0,0.0,1.0,65.0,3.0,149.0,43.0,2340517.0,24752.0,0.0,1.0,2340502.0,234475520.0,656309.0,671516.0,18.0,656418.0,671522.0,1306.0,0.0,693.0,0.0,,2340517.0-24752.0
STF1_TLM,SPW_GEIGER_TLM_T,53.0,16.0,0.0,0.0,1.0,65.0,3.0,152.0,43.0,2340589.0,31507.0,0.0,1.0,2340574.0,664518656.0,728409.0,743623.0,18.0,728520.0,743625.0,1360.0,0.0,699.0,0.0,,2340589.0-31507.0
STF1_TLM,SPW_GEIGER_TLM_T,53.0,16.0,0.0,0.0,1.0,65.0,3.0,153.0,43.0,2340613.0,30630.0,0.0,1.0,2340597.0,3788681216.0,752137.0,767608.0,18.0,752244.0,767608.0,1308.0,0.0,633.0,0.0,,2340613.0-30630.0
STF1_TLM,SPW_GEIGER_TLM_T,53.0,16.0,0.0,0.0,1.0,65.0,3.0,154.0,43.0,2340637.0,38648.0,0.0,1.0,2340621.0,3726098432.0,776127.0,791745.0,18.0,776449.0,791753.0,1312.0,0.0,685.0,0.0,,2340637.0-38648.0
STF1_TLM,SPW_GEIGER_TLM_T,53.0,16.0,0.0,0.0,1.0,65.0,3.0,156.0,43.0,2340685.0,24431.0,0.0,1.0,2340669.0,3688845312.0,824125.0,839529.0,18.0,824237.0,839531.0,1374.0,0.0,685.0,0.0,,2340685.0-24431.0
STF1_TLM,SPW_GEIGER_TLM_T,53.0,16.0,0.0,0.0,1.0,65.0,3.0,157.0,43.0,2340709.0,44596.0,0.0,1.0,2340693.0,3525713920.0,848087.0,863838.0,18.0,848510.0,863845.0,1360.0,0.0,878.0,0.0,,2340709.0-44596.0
STF1_TLM,SPW_GEIGER_TLM_T,53.0,16.0,0.0,0.0,1.0,65.0,3.0,159.0,43.0,2340757.0,18288.0,0.0,1.0,2340741.0,4038926336.0,896211.0,911440.0,18.0,896338.0,911442.0,1274.0,0.0,621.0,0.0,,2340757.0-18288.0
STF1_TLM,SPW_GEIGER_TLM_T,53.0,16.0,0.0,0.0,1.0,65.0,3.0,160.0,43.0,2340781.0,42443.0,0.0,1.0,2340766.0,1408274432.0,920599.0,935809.0,18.0,920713.0,935818.0,1349.0,0.0,697.0,0.0,,2340781.0-42443.0
STF1_TLM,SPW_GEIGER_TLM_T,53.0,16.0,0.0,0.0,1.0,65.0,3.0,162.0,43.0,2340829.0,12753.0,0.0,1.0,2340813.0,3740065792.0,968148.0,983365.0,18.0,968261.0,983375.0,1258.0,0.0,667.0,0.0,,2340829.0-12753.0
STF1_TLM,SPW_GEIGER_TLM_T,53.0,16.0,0.0,0.0,1.0,65.0,3.0,163.0,43.0,2340852.0,59958.0,0.0,1.0,2340837.0,2565894144.0,991879.0,1007090.0,18.0,991984.0,1007099.0,1392.0,0.0,717.0,0.0,,2340852.0-59958.0
STF1_TLM,SPW_GEIGER_TLM_T,53.0,16.0,0.0,0.0,1.0,65.0,3.0,167.0,43.0,2340948.0,47182.0,0.0,1.0,2340933.0,1650487296.0,1087678.0,1102902.0,18.0,1087791.0,1102905.0,1346.0,0.0,701.0,0.0,,2340948.0-47182.0
STF1_TLM,SPW_GEIGER_TLM_T,53.0,16.0,0.0,0.0,1.0,65.0,3.0,168.0,43.0,2340972.0,35873.0,0.0,1.0,2340957.0,964009984.0,1111523.0,1126730.0,18.0,1111634.0,1126738.0,1445.0,0.0,741.0,0.0,,2340972.0-35873.0
STF1_TLM,SPW_GEIGER_TLM_T,53.0,16.0,0.0,0.0,1.0,65.0,3.0,171.0,43.0,2341044.0,5402.0,0.0,1.0,2341028.0,3285987328.0,1183068.0,1198277.0,18.0,1183176.0,1198280.0,1925.0,0.0,1335.0,0.0,,2341044.0-5402.0
STF1_TLM,SPW_GEIGER_TLM_T,53.0,16.0,0.0,0.0,1.0,65.0,3.0,173.0,43.0,2341091.0,48657.0,0.0,1.0,2341076.0,1818906624.0,1230727.0,1245938.0,18.0,1230834.0,1245948.0,1450.0,0.0,742.0,0.0,,2341091.0-48657.0
STF1_TLM,SPW_GEIGER_TLM_T,53.0,16.0,0.0,0.0,1.0,65.0,3.0,174.0,43.0,2341115.0,44669.0,0.0,1.0,2341100.0,1049718784.0,1254552.0,1269878.0,18.0,1254658.0,1269882.0,1373.0,0.0,707.0,0.0,,2341115.0-44669.0
STF1_TLM,SPW_GEIGER_TLM_T,53.0,16.0,0.0,0.0,1.0,65.0,3.0,175.0,43.0,2341139.0,64887.0,0.0,1.0,2341124.0,696946688.0,1278470.0,1294185.0,18.0,1278832.0,1294186.0,1288.0,0.0,664.0,0.0,,2341139.0-64887.0
STF1_TLM,SPW_GEIGER_TLM_T,53.0,16.0,0.0,0.0,1.0,65.0,3.0,178.0,43.0,2341211.0,20008.0,0.0,1.0,2341195.0,4231716864.0,1350302.0,1365509.0,18.0,1350414.0,1365518.0,917.0,0.0,438.0,0.0,,2341211.0-20008.0
STF1_TLM,SPW_GEIGER_TLM_T,53.0,16.0,0.0,0.0,1.0,65.0,3.0,181.0,43.0,2341283.0,10580.0,0.0,1.0,2341267.0,2624282624.0,1421927.0,1437369.0,18.0,1422035.0,1437370.0,731.0,0.0,371.0,0.0,,2341283.0-10580.0
STF1_TLM,SPW_GEIGER_TLM_T,53.0,16.0,0.0,0.0,1.0,65.0,3.0,184.0,43.0,2341355.0,7990.0,0.0,1.0,2341339.0,1577459712.0,1493691.0,1509316.0,18.0,1494018.0,1509321.0,518.0,0.0,250.0,0.0,,2341355.0-7990.0
Created /dev/stdout,,,,,,,,,,,,,,,,,,,,,,,,,,,nan-nan
